ts_code,trade_date,open,close,high,low,vol,amount,pct_chg,change,pre_close
0981.HK,20231121,22.5,21.7,22.65,21.7,353199.79,783962850.0,0.59,-0.8000000000000007,22.5
0981.HK,20231122,21.75,21.45,21.95,21.1,307898.27,661086520.0,0.52,-0.3000000000000007,21.7
0981.HK,20231123,21.5,21.8,21.9,21.2,246760.88,532128100.0,0.41,0.3000000000000007,21.45
0981.HK,20231124,21.45,21.55,21.7,21.4,142950.53,308103020.0,0.24,0.10000000000000142,21.8
0981.HK,20231127,21.85,22.2,22.35,21.25,359314.48,787794180.0,0.6,0.34999999999999787,21.55
0981.HK,20231128,22.4,22.75,23.0,22.1,429852.34,974032980.0,0.72,0.3500000000000014,22.2
0981.HK,20231129,22.9,22.6,22.9,22.2,188490.53,424072140.0,0.32,-0.29999999999999716,22.75
0981.HK,20231130,22.9,22.15,22.95,22.15,219849.83,493935440.0,0.37,-0.75,22.6
0981.HK,20231201,22.2,21.25,22.25,21.2,475622.83,1022142930.0,0.8,-0.9499999999999993,22.15
0981.HK,20231204,21.75,20.9,21.75,20.7,394918.46,830499040.0,0.66,-0.8500000000000014,21.25
0981.HK,20231205,20.9,20.75,21.05,20.35,292727.58,604803650.0,0.49,-0.14999999999999858,20.9
0981.HK,20231206,20.4,21.1,21.3,20.4,342603.78,718540399.9999999,0.57,0.7000000000000028,20.75
0981.HK,20231207,21.25,20.75,21.25,20.7,133916.15,279184720.0,0.22,-0.5,21.1
0981.HK,20231208,20.95,20.55,21.2,20.55,167425.0,348348880.0,0.28,-0.3999999999999986,20.75
0981.HK,20231211,20.3,20.85,21.0,20.05,201598.72,414504430.0,0.34,0.5500000000000007,20.55
0981.HK,20231212,21.0,20.85,21.35,20.65,219548.01,461656870.0,0.37,-0.14999999999999858,20.85
0981.HK,20231213,20.85,20.55,21.1,20.55,137827.39,286679650.0,0.23,-0.3000000000000007,20.85
0981.HK,20231214,20.8,20.3,21.1,20.25,235834.25,485364590.0,0.39,-0.5,20.55
0981.HK,20231215,20.7,20.6,21.1,20.6,215092.0,448449110.0,0.36,-0.09999999999999787,20.3
0981.HK,20231218,20.85,20.35,20.85,20.15,182264.99,371420179.99999994,0.31,-0.5,20.6
0981.HK,20231219,20.35,20.45,20.9,20.1,176228.52,362145380.0,0.3,0.09999999999999787,20.35
0981.HK,20231220,20.65,20.5,20.75,20.3,119589.07,245571529.99999997,0.2,-0.14999999999999858,20.45
0981.HK,20231221,20.4,20.45,20.65,20.2,110660.25,225982480.0,0.19,0.05000000000000071,20.5
0981.HK,20231222,20.65,20.15,20.95,20.05,266820.91,544205750.0,0.45,-0.5,20.45
0981.HK,20231227,20.15,19.74,20.25,19.42,442592.57,867642120.0,0.74,-0.41000000000000014,20.15
0981.HK,20231228,19.8,20.2,20.5,19.7,297402.91,600020500.0,0.5,0.3999999999999986,19.74
0981.HK,20231229,20.1,19.86,20.25,19.56,319594.44,631003080.0,0.54,-0.240000000000002,20.2
0981.HK,20240102,20.05,19.4,20.05,19.26,250042.6,486510080.0,0.42,-0.6500000000000021,19.86
0981.HK,20240103,19.2,18.94,19.38,18.8,258194.67,490469930.0,0.43,-0.259999999999998,19.4
0981.HK,20240104,18.98,18.84,18.98,18.56,142360.37,266375780.0,0.24,-0.14000000000000057,18.94
0981.HK,20240105,18.7,18.46,18.94,18.3,215953.0,400769530.0,0.36,-0.23999999999999844,18.84
0981.HK,20240108,18.68,17.82,18.68,17.5,431728.35,767645860.0,0.72,-0.8599999999999994,18.46
0981.HK,20240109,17.82,17.62,17.94,17.44,233959.48,412558860.0,0.39,-0.1999999999999993,17.82
0981.HK,20240110,17.52,17.22,17.58,16.98,262471.76,451761619.99999994,0.44,-0.3000000000000007,17.62
0981.HK,20240111,17.22,17.74,17.9,17.08,300733.99,528593170.0,0.5,0.5199999999999996,17.22
0981.HK,20240112,17.66,17.36,17.8,17.24,188989.95,329582880.0,0.32,-0.3000000000000007,17.74
0981.HK,20240115,17.46,17.06,17.56,17.02,195694.3,337087220.0,0.33,-0.40000000000000213,17.36
0981.HK,20240116,17.06,16.76,17.4,16.66,276397.21,467336720.0,0.46,-0.29999999999999716,17.06
0981.HK,20240117,16.76,15.9,16.82,15.82,382144.18,618427880.0,0.64,-0.8600000000000012,16.76
0981.HK,20240118,15.88,15.84,16.12,15.62,384765.29,611589510.0,0.64,-0.040000000000000924,15.9
0981.HK,20240119,16.0,15.62,16.46,15.62,344604.3,550562390.0,0.58,-0.3800000000000008,15.84
0981.HK,20240122,15.68,15.0,15.76,14.74,476917.24,723143070.0,0.8,-0.6799999999999997,15.62
0981.HK,20240123,15.0,15.2,15.62,14.94,383508.81,587200550.0,0.64,0.1999999999999993,15.0
0981.HK,20240124,15.54,15.5,15.76,15.1,364743.97,561179150.0,0.61,-0.03999999999999915,15.2
0981.HK,20240125,15.5,16.04,16.36,15.4,464910.34,745541680.0,0.78,0.5399999999999991,15.5
0981.HK,20240126,16.4,15.56,16.4,15.44,419032.34,665794810.0,0.7,-0.8399999999999981,16.04
0981.HK,20240129,15.7,15.4,15.86,14.92,376904.41,574745180.0,0.63,-0.29999999999999893,15.56
0981.HK,20240130,15.14,14.42,15.28,14.34,520435.98,763016720.0,0.87,-0.7200000000000006,15.4
0981.HK,20240131,14.36,14.08,14.74,14.02,347810.18,495340480.0,0.58,-0.27999999999999936,14.42
0981.HK,20240201,14.08,14.28,14.68,13.92,265928.61,382895899.99999994,0.45,0.1999999999999993,14.08
0981.HK,20240202,14.46,14.08,14.66,13.9,237187.54,337433370.0,0.4,-0.3800000000000008,14.28
0981.HK,20240205,13.98,14.12,14.58,13.88,387803.58,551541140.0,0.65,0.1399999999999988,14.08
0981.HK,20240206,14.16,15.34,15.5,14.16,516671.76,775210570.0,0.87,1.1799999999999997,14.12
0981.HK,20240207,14.94,14.12,15.12,13.94,1063554.24,1533030970.0,1.78,-0.8200000000000003,15.34
0981.HK,20240208,14.22,14.44,14.74,14.2,336651.56,487977410.0,0.56,0.21999999999999886,14.12
0981.HK,20240209,14.44,14.24,14.44,14.02,41573.09,58918300.0,0.07,-0.1999999999999993,14.44
0981.HK,20240214,14.02,14.56,14.78,14.0,80577.49,116500960.0,0.13,0.5400000000000009,14.24
0981.HK,20240215,14.56,14.58,14.9,14.46,88000.68,129228190.0,0.15,0.019999999999999574,14.56
0981.HK,20240216,14.8,15.12,15.36,14.66,197871.16,299857070.0,0.33,0.3199999999999985,14.58
0981.HK,20240219,15.12,14.56,15.12,14.52,526909.94,776273670.0,0.88,-0.5599999999999987,15.12
0981.HK,20240220,14.66,14.34,14.7,14.18,508123.28,727592800.0,0.85,-0.3200000000000003,14.56
0981.HK,20240221,14.38,15.04,15.22,14.3,636651.5,954086340.0,1.07,0.6599999999999984,14.34
0981.HK,20240222,15.04,15.16,15.44,14.92,404936.45,614308060.0,0.68,0.120000000000001,15.04
0981.HK,20240223,15.3,14.98,15.56,14.92,497833.91,753973330.0,0.83,-0.3200000000000003,15.16
0981.HK,20240226,15.02,15.08,15.4,14.84,290781.07,439806789.99999994,0.49,0.0600000000000005,14.98
0981.HK,20240227,15.12,16.62,16.96,14.92,1183945.4,1896507220.0,1.98,1.5000000000000018,15.08
0981.HK,20240228,16.84,15.84,17.38,15.6,918166.16,1503739680.0,1.54,-1.0,16.62
0981.HK,20240229,15.82,16.78,17.2,15.7,1013839.68,1700992919.9999998,1.7,0.9600000000000009,15.84
0981.HK,20240301,16.94,17.04,17.46,16.82,668783.5,1147485630.0,1.12,0.09999999999999787,16.78
0981.HK,20240304,17.28,16.92,17.52,16.84,433004.47,741265470.0,0.72,-0.35999999999999943,17.04
0981.HK,20240305,16.78,16.38,17.1,16.38,426221.68,709684670.0,0.71,-0.40000000000000213,16.92
0981.HK,20240306,16.44,16.6,16.98,16.14,424431.44,705133390.0000001,0.71,0.16000000000000014,16.38
0981.HK,20240307,16.76,16.4,17.08,16.3,315611.38,527376480.0,0.53,-0.360000000000003,16.6
0981.HK,20240308,16.6,16.62,16.84,16.46,261240.81,435751279.99999994,0.44,0.019999999999999574,16.4
0981.HK,20240311,16.64,17.06,17.14,16.52,319053.27,538584200.0,0.53,0.41999999999999815,16.62
0981.HK,20240312,17.2,17.24,17.4,16.88,393772.0,678417600.0,0.66,0.03999999999999915,17.06
0981.HK,20240313,17.3,17.18,17.8,17.14,394860.71,688675600.0,0.66,-0.120000000000001,17.24
0981.HK,20240314,17.2,16.78,17.26,16.7,331427.64,561253950.0,0.55,-0.41999999999999815,17.18
0981.HK,20240315,16.66,16.86,16.94,16.4,266630.23,443589910.0,0.45,0.1999999999999993,16.78
0981.HK,20240318,16.86,17.02,17.18,16.52,440378.52,742721750.0,0.74,0.16000000000000014,16.86
0981.HK,20240319,16.86,16.62,16.98,16.56,229551.09,384118860.0,0.38,-0.23999999999999844,17.02
0981.HK,20240320,16.7,16.66,16.98,16.62,146348.5,245345400.0,0.25,-0.03999999999999915,16.62
0981.HK,20240321,16.98,16.72,17.12,16.58,304346.85,511074649.99999994,0.51,-0.26000000000000156,16.66
0981.HK,20240322,16.68,15.8,16.72,15.66,748613.54,1193910310.0,1.25,-0.879999999999999,16.72
0981.HK,20240325,15.8,15.5,15.86,15.36,360151.5,558746180.0,0.6,-0.3000000000000007,15.8
0981.HK,20240326,15.6,15.4,15.76,15.36,166434.8,258437330.0,0.28,-0.1999999999999993,15.5
0981.HK,20240327,15.5,14.92,15.54,14.88,450579.95,677441390.0,0.75,-0.5800000000000001,15.4
0981.HK,20240328,15.06,15.16,15.48,15.0,229189.59,349025420.0,0.38,0.09999999999999964,14.92
0981.HK,20240402,15.2,15.24,15.42,15.06,269455.1,410481619.99999994,0.45,0.040000000000000924,15.16
0981.HK,20240403,15.5,15.16,15.8,15.16,310071.43,476252430.0,0.52,-0.33999999999999986,15.24
0981.HK,20240405,15.2,14.92,15.3,14.64,90643.38,134486120.0,0.15,-0.27999999999999936,15.16
0981.HK,20240408,15.02,14.52,15.02,14.36,482237.4,703171880.0,0.81,-0.5,14.92
0981.HK,20240409,14.52,14.98,15.04,14.52,252848.74,374635020.0,0.42,0.46000000000000085,14.52
0981.HK,20240410,14.88,14.7,15.2,14.7,273715.6,407722720.0,0.46,-0.1800000000000015,14.98
0981.HK,20240411,14.58,14.44,14.76,14.28,482842.77,697971480.0,0.81,-0.14000000000000057,14.7
0981.HK,20240412,14.5,14.18,14.5,14.16,249377.0,355935530.0,0.42,-0.3200000000000003,14.44
0981.HK,20240415,14.12,14.52,14.74,14.1,301760.64,437067020.0,0.5,0.40000000000000036,14.18
0981.HK,20240416,14.48,14.02,14.5,14.02,295936.17,420757800.0,0.5,-0.46000000000000085,14.52
0981.HK,20240417,14.02,14.18,14.3,14.02,186410.7,264177330.0,0.31,0.16000000000000014,14.02
0981.HK,20240418,14.24,14.52,14.6,14.04,210572.1,303579990.0,0.35,0.27999999999999936,14.18
0981.HK,20240419,14.32,14.32,14.44,14.16,174276.3,248698650.00000003,0.29,0.0,14.52
0981.HK,20240422,14.48,14.24,14.62,14.16,250599.04,360173390.0,0.42,-0.2400000000000002,14.32
0981.HK,20240423,14.38,14.34,14.42,14.16,162143.96,231329470.0,0.27,-0.040000000000000924,14.24
0981.HK,20240424,14.4,14.86,14.94,14.26,406447.13,598946960.0,0.68,0.4599999999999991,14.34
0981.HK,20240425,14.8,15.1,15.36,14.76,343464.54,519438929.99999994,0.57,0.29999999999999893,14.86
0981.HK,20240426,15.16,15.54,15.76,15.14,386835.54,599400920.0,0.65,0.379999999999999,15.1
0981.HK,20240429,15.7,15.72,16.12,15.6,410604.81,652960940.0,0.69,0.02000000000000135,15.54
0981.HK,20240430,15.8,15.52,15.9,15.38,260059.37,404125260.0,0.43,-0.28000000000000114,15.72
0981.HK,20240502,15.6,15.84,15.84,15.28,103121.76,161742990.0,0.17,0.2400000000000002,15.52
0981.HK,20240503,16.2,16.0,16.3,15.8,159722.47,255853860.0,0.27,-0.1999999999999993,15.84
0981.HK,20240506,16.02,16.0,16.14,15.76,248951.57,396128480.0,0.42,-0.019999999999999574,16.0
0981.HK,20240507,16.0,15.74,16.0,15.62,211483.55,333892880.0,0.35,-0.2599999999999998,16.0
0981.HK,20240508,15.72,15.3,15.82,15.28,253653.24,392243250.0,0.42,-0.41999999999999993,15.74
0981.HK,20240509,15.36,16.02,16.18,15.36,431721.55,689536870.0,0.72,0.6600000000000001,15.3
0981.HK,20240510,16.44,16.26,16.44,15.96,669623.54,1088908990.0,1.12,-0.17999999999999972,16.02
0981.HK,20240513,16.18,16.4,16.46,15.8,318090.13,514301560.0,0.53,0.21999999999999886,16.26
0981.HK,20240514,16.4,16.3,16.78,16.3,300405.91,495616800.0,0.5,-0.09999999999999787,16.4
0981.HK,20240516,16.26,16.62,16.82,16.06,484737.7,802954480.0,0.81,0.35999999999999943,16.3
0981.HK,20240517,16.7,16.84,16.94,16.5,394808.56,660434750.0,0.66,0.14000000000000057,16.62
0981.HK,20240520,16.86,16.7,16.98,16.64,317045.73,532958160.0,0.53,-0.16000000000000014,16.84
0981.HK,20240521,16.72,16.04,16.82,15.98,355587.66,577854560.0,0.59,-0.6799999999999997,16.7
0981.HK,20240522,16.1,16.08,16.36,15.98,318022.17,513123600.0,0.53,-0.020000000000003126,16.04
0981.HK,20240523,16.08,15.6,16.12,15.58,283734.34,446457690.0,0.47,-0.47999999999999865,16.08
0981.HK,20240524,15.52,15.34,15.8,15.3,198196.85,306988220.0,0.33,-0.17999999999999972,15.6
0981.HK,20240527,15.58,16.48,16.58,15.58,728665.04,1178632500.0,1.22,0.9000000000000004,15.34
0981.HK,20240528,16.86,16.28,16.98,16.2,649657.37,1076774330.0,1.09,-0.5799999999999983,16.48
0981.HK,20240529,16.3,16.06,16.5,16.0,300999.3,486256100.0,0.5,-0.240000000000002,16.28
0981.HK,20240530,16.06,16.84,16.96,16.06,882920.14,1477082440.0,1.48,0.7800000000000011,16.06
0981.HK,20240531,16.92,16.54,16.94,16.44,364550.7,609677520.0,0.61,-0.38000000000000256,16.84
0981.HK,20240603,16.6,16.7,17.38,16.6,637429.46,1086383260.0,1.07,0.09999999999999787,16.54
0981.HK,20240604,16.72,16.76,16.88,16.42,295323.78,492637930.0,0.49,0.0400000000000027,16.7
0981.HK,20240605,16.72,17.1,17.38,16.72,575401.88,988975420.0,0.96,0.38000000000000256,16.76
0981.HK,20240606,17.5,18.06,18.42,17.46,1322905.32,2379682760.0,2.21,0.5599999999999987,17.1
0981.HK,20240607,18.28,18.38,18.62,17.86,761929.38,1391147210.0,1.27,0.09999999999999787,18.06
0981.HK,20240611,18.3,18.64,18.9,18.16,693286.11,1293012410.0,1.16,0.33999999999999986,18.38
0981.HK,20240612,18.7,17.86,18.74,17.52,748601.31,1347313910.0,1.25,-0.8399999999999999,18.64
0981.HK,20240613,18.14,18.1,18.52,18.0,510034.64,932679550.0,0.85,-0.03999999999999915,17.86
0981.HK,20240614,18.1,17.62,18.1,17.62,334036.25,595801330.0,0.56,-0.4800000000000004,18.1
0981.HK,20240617,17.68,18.08,18.34,17.56,419430.9,757789360.0,0.7,0.3999999999999986,17.62
0981.HK,20240618,18.28,18.66,18.88,18.18,557730.11,1039570170.0000001,0.93,0.379999999999999,18.08
0981.HK,20240619,18.9,18.86,18.98,18.38,519677.41,973950250.0,0.87,-0.03999999999999915,18.66
0981.HK,20240620,18.9,19.14,19.88,18.82,910179.81,1765887429.9999998,1.52,0.240000000000002,18.86
0981.HK,20240621,18.94,18.62,18.96,18.44,488980.32,914788959.9999999,0.82,-0.3200000000000003,19.14
0981.HK,20240624,18.66,17.98,19.08,17.7,682370.85,1242879670.0,1.14,-0.6799999999999997,18.62
0981.HK,20240625,17.96,17.2,18.04,17.02,666384.56,1159070610.0,1.11,-0.7600000000000016,17.98
0981.HK,20240626,17.44,17.7,17.88,17.24,405674.63,712900700.0000001,0.68,0.259999999999998,17.2
0981.HK,20240627,17.46,16.94,17.6,16.9,429280.8,737029360.0,0.72,-0.5199999999999996,17.7
0981.HK,20240628,16.82,17.12,17.38,16.82,252477.25,433939490.0,0.42,0.3000000000000007,16.94
0981.HK,20240702,17.08,17.06,17.48,16.92,257990.18,444178160.0,0.43,-0.019999999999999574,17.12
0981.HK,20240703,17.14,17.54,17.78,17.1,287821.25,503757920.0,0.48,0.3999999999999986,17.06
0981.HK,20240704,17.7,17.48,17.86,17.38,212604.02,373705780.0,0.36,-0.21999999999999886,17.54
0981.HK,20240705,17.48,17.32,17.72,17.16,244032.55,425181979.99999994,0.41,-0.16000000000000014,17.48
0981.HK,20240708,17.32,17.44,17.7,17.24,191604.9,334504320.0,0.32,0.120000000000001,17.32
0981.HK,20240709,17.5,18.04,18.3,17.36,573231.01,1026328930.0,0.96,0.5399999999999991,17.44
0981.HK,20240710,18.04,17.76,18.48,17.76,275068.67,497346480.0,0.46,-0.2799999999999976,18.04
0981.HK,20240711,18.12,18.18,18.34,18.0,328171.91,596717440.0,0.55,0.05999999999999872,17.76
0981.HK,20240712,18.1,18.1,18.2,17.82,348978.02,628368600.0,0.58,0.0,18.18
0981.HK,20240715,18.18,18.16,18.44,18.02,241494.63,440154230.0,0.4,-0.019999999999999574,18.1
0981.HK,20240716,17.94,18.1,18.38,17.76,308375.47,558938450.0,0.52,0.16000000000000014,18.16
0981.HK,20240717,18.2,17.16,18.34,17.1,513490.03,904411520.0,0.86,-1.0399999999999991,18.1
0981.HK,20240718,17.02,17.3,17.8,16.98,381022.04,662731200.0,0.64,0.28000000000000114,17.16
0981.HK,20240719,17.3,17.62,17.96,17.16,521417.9,923431860.0,0.87,0.3200000000000003,17.3
0981.HK,20240722,17.72,18.02,18.06,17.64,300120.59,537305890.0,0.5,0.3000000000000007,17.62
0981.HK,20240723,18.04,17.44,18.1,17.26,322579.42,565814700.0,0.54,-0.5999999999999979,18.02
0981.HK,20240724,17.44,17.14,17.66,17.0,253911.16,436753100.0,0.42,-0.3000000000000007,17.44
0981.HK,20240725,16.94,16.66,17.08,16.52,404310.08,675184040.0,0.68,-0.28000000000000114,17.14
0981.HK,20240726,16.58,16.8,16.88,16.52,206994.01,346341500.0,0.35,0.22000000000000242,16.66
0981.HK,20240729,16.82,16.38,16.96,16.1,351632.04,578261580.0,0.59,-0.4400000000000013,16.8
0981.HK,20240730,16.34,16.32,16.58,16.16,160756.22,262585470.0,0.27,-0.019999999999999574,16.38
0981.HK,20240731,16.4,17.0,17.06,16.24,321057.44,539376920.0,0.54,0.6000000000000014,16.32
0981.HK,20240801,17.2,17.06,17.46,16.96,282594.98,486148550.00000006,0.47,-0.14000000000000057,17.0
0981.HK,20240802,16.8,16.7,17.02,16.54,219701.47,367058059.99999994,0.37,-0.10000000000000142,17.06
0981.HK,20240805,16.5,15.82,16.76,15.68,509707.94,816390080.0,0.85,-0.6799999999999997,16.7
0981.HK,20240806,16.2,15.76,16.28,15.62,305694.85,485753680.0,0.51,-0.4399999999999995,15.82
0981.HK,20240807,15.94,15.8,16.04,15.68,230706.8,365849030.0,0.39,-0.1399999999999988,15.76
0981.HK,20240808,15.78,15.8,16.18,15.54,169972.93,269643980.0,0.28,0.02000000000000135,15.8
0981.HK,20240809,16.96,16.58,17.3,16.58,748686.26,1265088010.0,1.25,-0.38000000000000256,15.8
0981.HK,20240812,16.62,16.54,16.88,16.42,200520.75,333566390.0,0.34,-0.08000000000000185,16.58
0981.HK,20240813,16.6,16.8,16.88,16.6,202734.73,339862310.0,0.34,0.1999999999999993,16.54
0981.HK,20240814,16.98,16.86,17.16,16.72,184290.54,311895220.0,0.31,-0.120000000000001,16.8
0981.HK,20240815,16.86,16.86,17.24,16.7,263764.44,449422550.0,0.44,0.0,16.86
0981.HK,20240816,17.06,16.96,17.14,16.9,164954.46,280225160.0,0.28,-0.09999999999999787,16.86
0981.HK,20240819,16.96,17.0,17.24,16.92,151891.71,259928220.0,0.25,0.03999999999999915,16.96
0981.HK,20240820,17.1,16.9,17.16,16.8,151346.09,256294940.0,0.25,-0.20000000000000284,17.0
0981.HK,20240821,16.72,16.62,16.94,16.52,141233.64,235815010.0,0.24,-0.09999999999999787,16.9
0981.HK,20240822,16.74,16.46,16.74,16.0,291582.5,474920530.0,0.49,-0.2799999999999976,16.62
0981.HK,20240823,16.3,16.34,16.42,16.1,133049.3,216486730.0,0.22,0.03999999999999915,16.46
0981.HK,20240826,16.42,16.48,16.66,16.4,103783.81,171641810.0,0.17,0.05999999999999872,16.34
0981.HK,20240827,16.46,16.4,16.48,16.26,138423.6,226239460.0,0.23,-0.060000000000002274,16.48
0981.HK,20240828,16.5,16.4,16.5,16.2,166004.0,271345030.0,0.28,-0.10000000000000142,16.4
0981.HK,20240829,16.34,16.58,16.6,16.12,174707.28,286683440.0,0.29,0.23999999999999844,16.4
0981.HK,20240830,16.58,17.08,17.28,16.36,484592.75,825899770.0,0.81,0.5,16.58
0981.HK,20240902,17.04,16.4,17.04,16.3,269136.3,444746060.0,0.45,-0.6400000000000006,17.08
0981.HK,20240903,16.3,16.38,16.64,16.18,223320.48,365024970.00000006,0.37,0.0799999999999983,16.4
0981.HK,20240904,16.1,16.12,16.16,15.88,269851.64,432116000.0,0.45,0.019999999999999574,16.38
0981.HK,20240905,16.1,16.04,16.22,15.96,127148.87,204364070.0,0.21,-0.060000000000002274,16.12
0981.HK,20240909,15.82,15.96,15.96,15.54,324944.67,510358980.0,0.54,0.14000000000000057,16.04
0981.HK,20240910,15.96,15.6,16.0,15.48,228141.3,356285270.0,0.38,-0.3600000000000012,15.96
0981.HK,20240911,15.48,15.38,15.56,15.24,222347.89,341222610.0,0.37,-0.09999999999999964,15.6
0981.HK,20240912,15.5,15.5,15.66,15.38,129330.58,200544340.0,0.22,0.0,15.38
0981.HK,20240913,15.52,15.6,15.78,15.48,128401.7,200502890.0,0.21,0.08000000000000007,15.5
0981.HK,20240916,15.5,15.6,15.66,15.26,32548.94,50534590.0,0.05,0.09999999999999964,15.6
0981.HK,20240917,15.6,15.82,15.96,15.46,63877.83,101264540.0,0.11,0.22000000000000064,15.6
0981.HK,20240919,15.9,16.06,16.36,15.7,356079.58,573174640.0,0.6,0.15999999999999837,15.82
0981.HK,20240920,16.1,16.2,16.36,16.06,240618.14,390453460.0,0.4,0.09999999999999787,16.06
0981.HK,20240923,16.34,16.26,16.52,16.24,268789.92,439134970.00000006,0.45,-0.0799999999999983,16.2
0981.HK,20240924,16.52,17.0,17.08,16.3,598069.57,1002835190.0,1.0,0.4800000000000004,16.26
0981.HK,20240925,17.4,17.12,17.74,17.0,604485.52,1049821740.0,1.01,-0.2799999999999976,17.0
0981.HK,20240926,17.2,17.78,17.88,17.0,581590.05,1021656630.0,0.97,0.5800000000000018,17.12
0981.HK,20240927,17.94,18.56,18.84,17.94,1171658.29,2158186050.0,1.96,0.6199999999999974,17.78
0981.HK,20240930,19.18,20.85,21.4,19.18,2338067.72,4764296120.0,3.91,1.6700000000000017,18.56
0981.HK,20241002,21.5,22.2,22.6,21.5,966505.06,2137988670.0,1.62,0.6999999999999993,20.85
0981.HK,20241003,22.6,21.15,22.8,20.25,707177.42,1504703570.0,1.18,-1.4500000000000028,22.2
0981.HK,20241004,20.95,27.35,27.55,20.7,2714597.04,6834183680.0,4.54,6.400000000000002,21.15
0981.HK,20241007,29.8,33.3,35.0,29.5,3580231.53,11522947270.0,5.98,3.4999999999999964,27.35
0981.HK,20241008,35.5,27.2,35.5,26.55,6723803.87,20129342070.0,11.24,-8.3,33.3
0981.HK,20241009,28.45,27.2,30.8,25.55,6973603.13,19616858150.0,11.66,-1.25,27.2
0981.HK,20241010,28.15,25.5,28.75,25.5,3490950.04,9358017730.0,5.83,-2.6499999999999986,27.2
0981.HK,20241014,25.1,26.65,27.3,24.2,3525637.52,9109581670.0,5.89,1.5499999999999972,25.5
0981.HK,20241015,26.65,26.15,28.45,25.85,2862639.81,7798641490.0,4.78,-0.5,26.65
0981.HK,20241016,25.05,25.8,26.8,25.0,1595730.65,4155966360.0,2.67,0.75,26.15
0981.HK,20241017,26.6,26.0,27.3,25.85,1392305.58,3692905360.0,2.33,-0.6000000000000014,25.8
0981.HK,20241018,26.45,30.25,30.5,26.25,5983132.36,17336118270.0,10.0,3.8000000000000007,26.0
0981.HK,20241021,31.5,29.6,33.2,29.6,6645177.02,20779376310.0,11.11,-1.8999999999999986,30.25
0981.HK,20241022,30.0,29.7,30.15,28.55,2428763.43,7158601459.999999,4.06,-0.3000000000000007,29.6
0981.HK,20241023,29.5,29.15,30.85,28.8,2061614.73,6116654730.0,3.44,-0.3500000000000014,29.7
0981.HK,20241024,28.95,28.5,29.75,28.4,1427200.09,4137049730.0,2.38,-0.4499999999999993,29.15
0981.HK,20241025,28.65,28.8,29.95,28.5,1351386.56,3949558050.0,2.26,0.15000000000000213,28.5
0981.HK,20241028,29.0,28.8,29.15,28.55,738087.38,2125568230.0,1.23,-0.1999999999999993,28.8
0981.HK,20241029,29.1,28.7,29.9,28.65,1181442.7,3444383449.9999995,1.97,-0.40000000000000213,28.8
0981.HK,20241030,28.75,26.6,29.1,26.1,2080173.26,5642747670.0,3.47,-2.1499999999999986,28.7
0981.HK,20241031,26.6,27.05,27.4,26.3,969791.49,2612983550.0,1.62,0.4499999999999993,26.6
0981.HK,20241101,27.1,25.75,27.3,25.5,1550404.7,4053392390.0,2.59,-1.3500000000000014,27.05
0981.HK,20241104,25.8,25.85,26.15,25.65,826311.2,2137684510.0,1.38,0.05000000000000071,25.75
0981.HK,20241105,25.9,27.5,27.95,25.9,2265728.44,6170352650.0,3.78,1.6000000000000014,25.85
0981.HK,20241106,27.4,26.9,28.4,26.55,1967633.92,5377683000.0,3.29,-0.5,27.5
0981.HK,20241107,27.1,28.25,28.5,26.8,1749372.42,4837654980.0,2.92,1.1499999999999986,26.9
0981.HK,20241108,29.8,28.55,30.3,28.55,2975302.23,8726310910.0,4.97,-1.25,28.25
0981.HK,20241111,29.95,29.5,30.45,29.05,2548110.34,7607913770.0,4.26,-0.4499999999999993,28.55
0981.HK,20241112,29.85,27.15,29.9,26.95,2029489.0,5755289870.0,3.39,-2.700000000000003,29.5
0981.HK,20241113,26.85,27.15,27.7,26.75,845962.99,2307981580.0,1.41,0.29999999999999716,27.15
0981.HK,20241114,26.9,26.55,28.15,26.3,1145955.04,3116354010.0,1.91,-0.34999999999999787,27.15
0981.HK,20241115,26.55,26.4,27.15,26.2,760690.13,2030633270.0,1.27,-0.15000000000000213,26.55
0981.HK,20241118,26.8,26.45,27.05,26.25,668518.07,1783408080.0,1.12,-0.3500000000000014,26.4
0981.HK,20241119,26.8,27.1,27.45,26.45,620573.98,1673476630.0,1.04,0.3000000000000007,26.45
0981.HK,20241120,27.1,26.9,27.25,26.7,422114.89,1137274570.0,0.71,-0.20000000000000284,27.1
0981.HK,20241121,27.0,26.85,27.4,26.8,372727.41,1009204660.0,0.62,-0.14999999999999858,26.9
0981.HK,20241122,27.25,25.05,27.4,24.75,1378338.63,3555708330.0,2.3,-2.1999999999999993,26.85
0981.HK,20241125,25.25,25.1,25.45,24.15,710507.43,1756675470.0,1.19,-0.14999999999999858,25.05
0981.HK,20241126,25.05,24.65,25.45,24.4,460451.54,1144270100.0,0.77,-0.40000000000000213,25.1
0981.HK,20241127,24.65,25.7,25.8,24.15,694052.0,1734549980.0,1.16,1.0500000000000007,24.65
0981.HK,20241128,25.8,25.15,26.0,25.05,403770.37,1026374410.0000001,0.67,-0.6500000000000021,25.7
0981.HK,20241129,25.5,26.0,27.0,25.2,807390.41,2108772220.0,1.35,0.5,25.15
0981.HK,20241202,26.25,26.4,26.7,25.85,474171.11,1245387020.0,0.79,0.14999999999999858,26.0
0981.HK,20241203,26.6,26.0,26.6,25.6,479082.45,1240830440.0,0.8,-0.6000000000000014,26.4
0981.HK,20241204,27.0,26.3,27.1,26.25,694127.96,1852408400.0,1.16,-0.6999999999999993,26.0
0981.HK,20241205,26.25,26.1,26.65,26.05,237767.03,623677720.0,0.4,-0.14999999999999858,26.3
0981.HK,20241206,26.15,26.45,26.95,25.85,659226.41,1754080080.0,1.1,0.3000000000000007,26.1
0981.HK,20241209,26.6,27.55,27.6,25.9,688359.4,1834073930.0,1.15,0.9499999999999993,26.45
0981.HK,20241210,28.4,27.0,28.65,26.9,1140967.0,3176341350.0,1.91,-1.3999999999999986,27.55
0981.HK,20241211,27.2,26.8,27.4,26.75,344249.94,932136050.0,0.57,-0.3999999999999986,27.0
0981.HK,20241212,26.75,27.1,27.55,26.6,431497.83,1168094580.0,0.72,0.3500000000000014,26.8
0981.HK,20241213,26.8,25.9,26.95,25.8,646907.81,1689798510.0,1.08,-0.9000000000000021,27.1
0981.HK,20241216,25.65,25.35,26.0,25.2,349643.87,892401100.0,0.58,-0.29999999999999716,25.9
0981.HK,20241217,25.2,25.25,26.1,24.85,401978.25,1017256730.0,0.67,0.05000000000000071,25.35
0981.HK,20241218,25.3,25.95,26.1,25.3,335133.6,864744109.9999999,0.56,0.6499999999999986,25.25
0981.HK,20241219,25.4,26.15,26.6,25.3,434852.71,1136056010.0,0.73,0.75,25.95
0981.HK,20241220,26.85,28.3,29.8,26.35,3362288.65,9483850490.0,5.62,1.4499999999999993,26.15
0981.HK,20241223,28.8,29.1,29.8,28.55,1936850.27,5661632929.999999,3.23,0.3000000000000007,28.3
0981.HK,20241224,29.3,29.15,29.75,28.9,506744.95,1484161820.0,0.85,-0.15000000000000213,29.1
0981.HK,20241227,29.8,30.65,31.9,29.6,2639749.15,8153887350.0,4.41,0.8499999999999979,29.15
0981.HK,20241230,31.0,32.6,33.0,30.85,2192541.65,7097853060.0,3.66,1.6000000000000014,30.65
0981.HK,20241231,32.85,31.8,32.9,31.2,839056.81,2673752150.0000005,1.4,-1.0500000000000007,32.6
0981.HK,20250102,31.55,29.0,31.95,28.9,1731071.45,5204442430.0,2.89,-2.5500000000000007,31.8
0981.HK,20250103,29.1,29.55,30.4,28.35,1065462.3,3143334830.0,1.78,0.4499999999999993,29.0
0981.HK,20250106,30.0,29.65,30.6,29.45,660434.19,1980487940.0,1.1,-0.3500000000000014,29.55
0981.HK,20250107,29.65,31.15,31.2,29.3,1258533.07,3830358700.0,2.1,1.5,29.65
0981.HK,20250108,30.7,30.55,31.15,29.55,850306.43,2579457830.0,1.42,-0.14999999999999858,31.15
0981.HK,20250109,30.85,31.45,32.5,30.35,1088914.27,3470556489.9999995,1.82,0.5999999999999979,30.55
0981.HK,20250110,31.8,32.35,33.75,31.65,1759524.24,5813437110.0,2.94,0.5500000000000007,31.45
0981.HK,20250113,32.3,34.35,34.35,32.15,1567114.23,5277856290.0,2.62,2.0500000000000043,32.35
0981.HK,20250114,34.85,35.1,35.8,33.55,2047284.82,7130318060.0,3.42,0.25,34.35
0981.HK,20250115,34.85,37.2,37.55,34.5,1905141.93,6960876320.0,3.18,2.3500000000000014,35.1
0981.HK,20250116,38.0,36.0,39.8,35.55,2965516.47,11167822360.0,4.95,-2.0,37.2
0981.HK,20250117,36.5,39.45,39.95,36.2,2412416.72,9292020950.0,4.03,2.950000000000003,36.0
0981.HK,20250120,39.55,39.4,40.0,37.95,1541223.64,6035919280.0,2.57,-0.14999999999999858,39.45
0981.HK,20250121,39.75,41.9,42.5,39.55,1859032.15,7690244160.0,3.1,2.1499999999999986,39.4
0981.HK,20250122,42.65,42.1,43.8,41.3,1798303.43,7658179750.0,3.0,-0.5499999999999972,41.9
0981.HK,20250123,43.0,39.05,44.0,38.85,2518378.1,10267109820.0,4.21,-3.950000000000003,42.1
0981.HK,20250124,40.0,41.3,41.3,39.3,1379378.24,5590800250.0,2.3,1.2999999999999972,39.05
0981.HK,20250127,41.95,38.15,42.0,37.15,2115368.89,8302583550.0,3.53,-3.8000000000000043,41.3
0981.HK,20250128,37.2,38.0,38.2,36.0,374873.84,1395624849.9999998,0.63,0.7999999999999972,38.15
0981.HK,20250203,38.6,41.9,42.15,38.3,932099.81,3786367750.0,1.56,3.299999999999997,38.0
0981.HK,20250204,42.2,45.45,45.7,41.9,1003171.65,4477035290.0,1.68,3.25,41.9
0981.HK,20250205,44.0,44.7,45.4,43.3,1250995.95,5566734880.0,2.09,0.7000000000000028,45.45
0981.HK,20250206,44.75,47.9,47.9,44.7,1344178.0,6292006300.0,2.24,3.1499999999999986,44.7
0981.HK,20250207,48.0,46.65,49.15,45.2,1938007.32,9131981350.0,3.24,-1.3500000000000014,47.9
0981.HK,20250210,47.35,47.8,48.8,45.9,1456367.62,6900545560.0,2.43,0.44999999999999574,46.65
0981.HK,20250211,48.3,45.3,48.6,45.3,1227186.1,5738885730.0,2.05,-3.0,47.8
0981.HK,20250212,46.75,47.95,48.2,45.7,1954606.42,9233098120.0,3.26,1.2000000000000028,45.3
0981.HK,20250213,49.0,46.0,49.6,46.0,1792867.64,8558197810.0,2.99,-3.0,47.95
0981.HK,20250214,46.45,45.55,46.85,44.0,2358832.95,10585487880.0,3.94,-0.9000000000000057,46.0
0981.HK,20250217,46.0,47.5,48.15,44.5,2261808.55,10613970830.000002,3.78,1.5,45.55
0981.HK,20250218,48.35,47.8,48.6,46.75,1297298.1,6190924330.0,2.17,-0.5500000000000043,47.5
0981.HK,20250219,47.5,51.8,51.9,47.35,2066357.87,10444642800.0,3.45,4.299999999999997,47.8
0981.HK,20250220,51.8,50.25,51.85,49.25,1063688.79,5362079110.0,1.78,-1.5499999999999972,51.8
0981.HK,20250221,51.75,54.2,54.2,50.65,1812536.61,9636320750.0,3.03,2.450000000000003,50.25
0981.HK,20250224,55.3,55.0,57.6,53.5,1884848.72,10415312330.0,3.15,-0.29999999999999716,54.2
0981.HK,20250225,52.4,54.2,57.5,51.3,1866647.78,10254989350.0,3.12,1.8000000000000043,55.0
0981.HK,20250226,56.0,57.4,59.3,54.9,1850097.51,10628601910.000002,3.09,1.3999999999999986,54.2
0981.HK,20250227,57.2,57.8,59.7,55.3,1983682.22,11442195790.0,3.31,0.5999999999999943,57.4
0981.HK,20250228,57.5,53.6,58.35,52.1,2295150.63,12489372740.0,3.83,-3.8999999999999986,57.8
0981.HK,20250303,53.8,51.4,54.1,49.8,1971646.14,10197138100.0,3.29,-2.3999999999999986,53.6
0981.HK,20250304,49.7,51.55,53.3,47.7,2060789.49,10431785480.0,3.44,1.8499999999999943,51.4
0981.HK,20250305,52.65,54.95,55.0,52.35,1354380.4,7280074760.0,2.26,2.3000000000000043,51.55
0981.HK,20250306,56.0,56.3,58.15,55.2,1513447.26,8609602540.0,2.53,0.29999999999999716,54.95
0981.HK,20250307,55.1,54.6,57.35,52.8,1637105.67,8966882690.0,2.73,-0.5,56.3
0981.HK,20250310,54.0,52.05,54.6,50.9,1475328.83,7695957540.0,2.46,-1.9500000000000028,54.6
0981.HK,20250311,50.7,53.3,53.7,50.3,1209632.48,6342233890.0,2.02,2.5999999999999943,52.05
0981.HK,20250312,53.7,52.45,54.35,51.4,875691.42,4647023550.0,1.46,-1.25,53.3
0981.HK,20250313,52.8,49.85,53.3,48.4,1588454.51,7973194900.0,2.65,-2.9499999999999957,52.45
0981.HK,20250314,50.3,50.5,51.05,47.55,1462444.14,7274228710.0,2.44,0.20000000000000284,49.85
0981.HK,20250317,50.0,49.55,50.45,48.65,1141838.56,5626346270.0,1.91,-0.45000000000000284,50.5
0981.HK,20250318,50.5,51.7,52.0,50.35,1163514.06,5962070460.0,1.94,1.2000000000000028,49.55
0981.HK,20250319,51.5,51.05,52.45,51.0,774824.87,4006663960.0,1.29,-0.45000000000000284,51.7
0981.HK,20250320,51.05,50.75,52.75,49.75,1201234.87,6149981850.000001,2.0,-0.29999999999999716,51.05
0981.HK,20250321,50.3,46.95,50.75,46.85,2257123.89,10825227940.0,3.77,-3.3499999999999943,50.75
0981.HK,20250324,47.4,48.3,48.6,46.0,1146964.93,5412521679.999999,1.91,0.8999999999999986,46.95
0981.HK,20250325,47.65,47.5,48.6,46.4,773095.58,3663231260.0,1.29,-0.14999999999999858,48.3
0981.HK,20250326,47.95,48.3,48.7,47.75,598179.04,2890728580.0,1.0,0.3499999999999943,47.5
0981.HK,20250327,49.05,50.35,52.55,48.1,1668111.45,8466135740.0,2.78,1.3000000000000043,48.3
0981.HK,20250328,49.2,48.0,51.5,47.8,1265678.06,6214907490.0,2.11,-1.2000000000000028,50.35
0981.HK,20250331,47.55,46.1,48.45,45.4,1437881.73,6674456230.0,2.4,-1.4499999999999957,48.0
0981.HK,20250401,46.5,44.3,46.7,43.75,1648804.07,7413023790.0,2.75,-2.200000000000003,46.1
0981.HK,20250402,44.25,44.7,46.0,43.55,1072445.25,4806668510.0,1.79,0.45000000000000284,44.3
0981.HK,20250403,43.8,45.05,46.7,43.7,1196345.36,5434222060.0,2.0,1.25,44.7
0981.HK,20250407,41.55,37.7,43.5,37.0,3302754.09,13159140270.0,5.51,-3.8499999999999943,45.05
0981.HK,20250408,38.6,39.15,39.75,37.35,2106855.19,8165153050.000001,3.51,0.5499999999999972,37.7
0981.HK,20250409,37.7,43.25,43.75,37.2,2898908.49,12138149830.0,4.83,5.549999999999997,39.15
0981.HK,20250410,45.2,44.1,46.65,43.5,1865531.75,8397876920.0,3.11,-1.1000000000000014,43.25
0981.HK,20250411,44.25,46.7,48.65,43.9,2360357.71,11021779010.0,3.94,2.450000000000003,44.1
0981.HK,20250414,48.1,47.5,48.8,46.3,1359923.7,6462602320.0,2.27,-0.6000000000000014,46.7
0981.HK,20250415,47.0,45.35,47.65,44.05,1371968.05,6231688700.0,2.29,-1.6499999999999986,47.5
0981.HK,20250416,46.45,45.4,47.2,44.5,1353276.93,6188667550.0,2.26,-1.0500000000000043,45.35
0981.HK,20250417,45.4,46.0,47.45,45.0,1021401.53,4755425030.0,1.7,0.6000000000000014,45.4
0981.HK,20250422,46.4,46.6,47.0,45.0,893852.84,4118092689.9999995,1.49,0.20000000000000284,46.0
0981.HK,20250423,47.4,46.8,47.7,46.35,827078.41,3883178530.0,1.38,-0.6000000000000014,46.6
0981.HK,20250424,46.65,46.35,47.3,45.45,503435.55,2326855140.0,0.84,-0.29999999999999716,46.8
0981.HK,20250425,46.45,45.05,46.7,44.25,888458.81,4022391190.0,1.48,-1.4000000000000057,46.35
0981.HK,20250428,45.1,45.4,46.6,45.0,460384.93,2110238650.0,0.77,0.29999999999999716,45.05
0981.HK,20250429,45.85,45.75,46.3,45.45,344074.36,1577571099.9999998,0.57,-0.10000000000000142,45.4
0981.HK,20250430,45.9,46.9,47.45,45.75,648023.51,3033177080.0,1.08,1.0,45.75
0981.HK,20250502,47.45,47.5,47.8,46.1,314543.4,1488320030.0,0.52,0.04999999999999716,46.9
0981.HK,20250506,47.7,46.95,48.1,46.55,618465.55,2929424140.0,1.03,-0.75,47.5
0981.HK,20250507,47.9,46.2,48.3,46.15,650460.61,3056858180.0000005,1.08,-1.6999999999999957,46.95
0981.HK,20250508,46.2,45.15,46.4,44.35,965563.66,4345506620.0,1.61,-1.0500000000000043,46.2
0981.HK,20250509,42.5,43.0,43.0,40.4,2011509.77,8509084810.0,3.35,0.5,45.15
0981.HK,20250512,43.6,44.45,45.0,41.9,1224503.6,5317100100.0,2.04,0.8500000000000014,43.0
0981.HK,20250513,44.65,42.65,44.8,42.55,841119.16,3624962000.0,1.4,-2.0,44.45
0981.HK,20250514,43.0,42.7,43.4,41.95,766873.68,3265360500.0,1.28,-0.29999999999999716,42.65
0981.HK,20250515,42.95,41.25,42.95,41.0,832616.07,3480622630.0,1.39,-1.7000000000000028,42.7
0981.HK,20250516,41.0,41.7,42.15,41.0,441066.0,1842191320.0000002,0.74,0.7000000000000028,41.25
0981.HK,20250519,41.8,42.45,43.0,41.1,657542.5,2780261100.0,1.1,0.6500000000000057,41.7
0981.HK,20250520,42.9,43.0,43.5,42.6,500895.0,2159679140.0,0.84,0.10000000000000142,42.45
0981.HK,20250521,43.0,42.65,43.6,42.35,448733.9,1924039820.0,0.75,-0.3500000000000014,43.0
0981.HK,20250522,42.4,41.8,43.1,41.55,482166.49,2031323869.9999998,0.8,-0.6000000000000014,42.65
0981.HK,20250523,41.75,41.85,42.25,41.5,358887.63,1502661240.0,0.6,0.10000000000000142,41.8
0981.HK,20250526,42.65,42.15,43.35,42.0,627922.38,2682227150.0000005,1.05,-0.5,41.85
0981.HK,20250527,42.6,41.85,42.6,41.4,327048.9,1368243030.0000002,0.55,-0.75,42.15
0981.HK,20250528,41.6,40.8,42.05,40.4,648069.96,2649947070.0,1.08,-0.8000000000000043,41.85
0981.HK,20250529,40.65,41.4,42.1,40.3,787206.96,3248539770.0,1.31,0.75,40.8
0981.HK,20250530,40.9,40.55,40.95,40.1,479262.14,1936603590.0,0.8,-0.3500000000000014,41.4
0981.HK,20250602,40.0,40.1,40.2,38.95,176698.86,698751190.0000001,0.29,0.10000000000000142,40.55
0981.HK,20250603,40.35,40.5,40.75,40.1,301646.09,1220129300.0,0.5,0.14999999999999858,40.1
0981.HK,20250604,40.65,40.55,41.25,40.05,474645.43,1930993800.0,0.79,-0.10000000000000142,40.5
0981.HK,20250605,40.8,42.25,42.5,40.65,828710.23,3469723370.0,1.38,1.4500000000000028,40.55
0981.HK,20250606,42.5,40.2,42.7,40.2,794559.0,3293034770.0,1.32,-2.299999999999997,42.25
0981.HK,20250609,41.0,42.25,42.3,41.0,560000.54,2344311560.0,0.93,1.25,40.2
0981.HK,20250610,42.3,41.45,42.45,40.9,558128.17,2312439460.0,0.93,-0.8499999999999943,42.25
0981.HK,20250611,41.45,41.65,42.15,41.35,357572.68,1495125410.0,0.6,0.19999999999999574,41.45
0981.HK,20250612,41.0,40.8,41.4,40.65,428243.32,1751917280.0,0.71,-0.20000000000000284,41.65
0981.HK,20250613,40.5,40.0,41.25,39.75,796337.83,3196701960.0,1.33,-0.5,40.8
0981.HK,20250616,39.6,40.1,40.4,39.05,516810.28,2055546840.0,0.86,0.5,40.0
0981.HK,20250617,40.15,39.7,40.2,39.25,559289.44,2215020910.0,0.93,-0.44999999999999574,40.1
0981.HK,20250618,39.4,39.25,39.7,38.85,500367.47,1960312230.0,0.83,-0.14999999999999858,39.7
0981.HK,20250619,39.0,38.85,39.9,38.65,633774.99,2486859620.0,1.06,-0.14999999999999858,39.25
0981.HK,20250620,39.25,39.5,39.95,38.95,643954.87,2554630010.0,1.07,0.25,38.85
0981.HK,20250623,39.65,41.3,41.8,39.35,1298808.29,5325493930.0,2.17,1.6499999999999986,39.5
0981.HK,20250624,41.8,41.7,42.6,41.0,856087.96,3580992970.0,1.43,-0.09999999999999432,41.3
0981.HK,20250625,42.1,44.05,44.6,42.1,1649818.26,7166695230.0,2.75,1.9499999999999957,41.7
0981.HK,20250626,44.5,44.5,45.65,43.8,1069084.24,4777723620.0,1.78,0.0,44.05
0981.HK,20250627,44.85,44.85,45.8,44.7,888391.65,4023726329.9999995,1.48,0.0,44.5
0981.HK,20250630,46.25,44.7,48.0,44.55,1510605.07,7006576200.0,2.52,-1.5499999999999972,44.85
0981.HK,20250702,45.15,43.55,45.4,43.15,893972.99,3924170330.0,1.49,-1.6000000000000014,44.7
0981.HK,20250703,43.65,43.3,44.65,43.15,785329.58,3435376580.0,1.31,-0.3500000000000014,43.55
0981.HK,20250704,43.1,43.95,44.8,41.5,1246803.91,5392124719.999999,2.08,0.8500000000000014,43.3
0981.HK,20250707,44.3,44.3,45.0,43.7,588894.73,2606606890.0,0.98,0.0,43.95
0981.HK,20250708,44.65,45.65,45.9,44.45,688331.65,3113079000.0,1.15,1.0,44.3
0981.HK,20250709,45.65,44.65,45.7,44.4,489184.07,2196646180.0,0.82,-1.0,45.65
0981.HK,20250710,44.75,44.95,45.4,44.5,398082.14,1792304270.0,0.66,0.20000000000000284,44.65
0981.HK,20250711,44.75,45.95,46.85,44.75,833448.68,3852759760.0000005,1.39,1.2000000000000028,44.95
0981.HK,20250714,46.2,46.45,47.0,45.7,543148.74,2528363660.0,0.91,0.25,45.95
0981.HK,20250715,46.4,45.6,47.1,44.9,925584.41,4218269479.9999995,1.54,-0.7999999999999972,46.45
0981.HK,20250716,45.35,45.4,46.45,44.55,583147.23,2664586790.0,0.97,0.04999999999999716,45.6
0981.HK,20250717,45.6,46.3,46.55,45.15,568364.41,2623705430.0,0.95,0.6999999999999957,45.4
0981.HK,20250718,46.7,47.1,47.35,45.95,630089.78,2951468490.0,1.05,0.3999999999999986,46.3
0981.HK,20250721,47.45,47.25,48.0,46.6,575253.67,2723930170.0,0.96,-0.20000000000000284,47.1
0981.HK,20250722,47.5,48.55,49.2,47.1,1010308.03,4899480380.0,1.68,1.0499999999999972,47.25
0981.HK,20250723,49.25,48.75,49.3,47.9,727029.14,3538326640.0,1.21,-0.5,48.55
0981.HK,20250724,48.95,50.25,51.6,48.75,1398724.59,7048749850.0,2.33,1.2999999999999972,48.75
0981.HK,20250725,50.4,52.75,53.8,50.2,1458373.38,7590908390.0,2.43,2.3500000000000014,50.25
0981.HK,20250728,53.55,53.1,53.55,52.0,818908.65,4324208970.0,1.37,-0.44999999999999574,52.75
0981.HK,20250729,53.1,53.35,53.45,51.55,679567.48,3570411350.0,1.13,0.25,53.1
0981.HK,20250730,52.65,50.2,52.65,50.0,1189436.56,6064938550.0,1.98,-2.4499999999999957,53.35
0981.HK,20250731,50.0,51.1,52.95,49.1,1049071.36,5389700440.0,1.75,1.1000000000000014,50.2
0981.HK,20250801,51.1,50.05,52.3,49.9,658407.25,3339652390.0,1.1,-1.0500000000000043,51.1
0981.HK,20250804,49.8,51.5,51.75,49.8,538738.28,2762951740.0,0.9,1.7000000000000028,50.05
0981.HK,20250805,51.6,51.0,52.7,50.5,695956.49,3598089020.0,1.16,-0.6000000000000014,51.5
0981.HK,20250806,51.25,52.6,52.95,50.5,722452.01,3752208339.9999995,1.2,1.3500000000000014,51.0
0981.HK,20250807,52.55,53.0,54.7,51.85,904162.23,4817905730.0,1.51,0.45000000000000284,52.6
0981.HK,20250808,51.0,48.66,51.3,48.5,2186409.04,10862437950.0,3.65,-2.3400000000000034,53.0
0981.HK,20250811,49.04,48.7,49.24,47.14,1092964.29,5252424960.0,1.82,-0.3399999999999963,48.66
0981.HK,20250812,48.86,51.15,51.55,48.2,1122405.44,5643214210.0,1.87,2.289999999999999,48.7
0981.HK,20250813,51.25,52.05,52.1,50.95,839596.25,4338376320.0,1.4,0.7999999999999972,51.15
0981.HK,20250814,52.5,52.0,54.4,51.85,1151701.9,6115399030.000001,1.92,-0.5,52.05
0981.HK,20250815,51.75,52.75,53.2,51.45,800953.92,4198116120.0,1.34,1.0,52.0
0981.HK,20250818,53.5,51.8,53.8,51.75,808166.82,4240548939.9999995,1.35,-1.7000000000000028,52.75
0981.HK,20250819,51.85,50.05,52.15,49.66,777864.78,3938378220.0,1.3,-1.8000000000000043,51.8
0981.HK,20250820,49.5,51.75,52.55,49.4,1062350.06,5415142820.0,1.77,2.25,50.05
0981.HK,20250821,51.85,51.7,53.05,50.9,675611.3,3500967480.0,1.13,-0.14999999999999858,51.75
0981.HK,20250822,52.85,56.9,57.5,52.7,2964551.02,16408960100.0,4.94,4.049999999999997,51.7
0981.HK,20250825,58.45,57.8,61.75,56.0,2353110.7,13797807970.0,3.92,-0.6500000000000057,56.9
0981.HK,20250826,57.0,56.2,57.45,55.4,1040684.46,5861733760.0,1.74,-0.7999999999999972,57.8
0981.HK,20250827,57.0,56.25,60.3,55.75,2219597.36,12950278970.000002,3.7,-0.75,56.2
0981.HK,20250828,57.0,62.3,62.8,56.65,3281845.11,19836412050.0,5.47,5.299999999999997,56.25
0981.HK,20250829,62.25,60.7,62.25,59.9,1385007.82,8421519660.0,2.31,-1.5499999999999972,62.3
0981.HK,20250901,64.75,63.65,65.65,60.55,1888983.51,11900231390.0,3.15,-1.1000000000000014,60.7
0981.HK,20250902,63.8,60.7,64.1,58.75,1892923.22,11551325830.000002,3.16,-3.0999999999999943,63.65
0981.HK,20250903,61.85,60.0,62.1,59.35,814255.32,4921642180.0,1.36,-1.8500000000000014,60.7
0981.HK,20250904,60.2,56.0,60.8,55.35,1878412.88,10686938020.0,3.13,-4.200000000000003,60.0
0981.HK,20250905,56.8,58.7,60.2,56.3,1585051.31,9247560550.0,2.64,1.9000000000000057,56.0
0981.HK,20250908,58.7,58.15,58.8,56.65,970433.91,5587725880.0,1.62,-0.5500000000000043,58.7
0981.HK,20250909,58.0,58.25,60.65,56.0,1201019.34,7076891620.0,2.0,0.25,58.15
0981.HK,20250910,58.7,60.35,60.95,58.7,903469.29,5418157280.0,1.51,1.6499999999999986,58.25
0981.HK,20250911,60.1,63.35,64.45,59.4,1348236.44,8470709380.0,2.25,3.25,60.35
0981.HK,20250912,64.2,62.75,65.0,62.1,1031392.95,6551506990.0,1.72,-1.4500000000000028,63.35
0981.HK,20250915,63.65,63.0,64.5,62.55,648047.68,4105909630.0,1.08,-0.6499999999999986,62.75
0981.HK,20250916,63.1,63.2,64.2,61.95,761320.07,4815565280.0,1.27,0.10000000000000142,63.0
0981.HK,20250917,64.3,67.7,67.8,63.7,1696461.1,11267083950.0,2.83,3.4000000000000057,63.2
0981.HK,20250918,68.55,69.5,73.3,67.7,2439748.12,17235177270.0,4.07,0.9500000000000028,67.7
0981.HK,20250919,71.1,69.75,72.5,68.65,1512500.95,10678918080.0,2.52,-1.3499999999999943,69.5
0981.HK,20250922,69.75,73.35,74.05,69.05,1365696.3,9878453940.0,2.28,3.5999999999999943,69.75
0981.HK,20250923,74.05,72.6,74.7,70.25,1353664.9,9766187430.0,2.26,-1.4500000000000028,73.35
0981.HK,20250924,72.8,76.75,78.25,72.15,1503218.29,11402208960.0,2.51,3.950000000000003,72.6
0981.HK,20250925,77.2,76.8,78.8,75.2,1148833.13,8861911620.0,1.91,-0.4000000000000057,76.75
0981.HK,20250926,75.9,72.95,77.8,72.2,1415993.8,10641068510.0,2.36,-2.950000000000003,76.8
0981.HK,20250929,74.0,76.5,76.5,73.1,1065334.74,7973807070.000001,1.78,2.5,72.95
0981.HK,20250930,77.5,79.55,79.95,77.5,1154193.12,9114340570.0,1.92,2.049999999999997,76.5
0981.HK,20251002,80.15,89.65,90.35,80.1,673896.36,5840577420.0,1.12,9.5,79.55
0981.HK,20251003,90.35,90.9,91.35,88.65,344623.52,3102587940.0,0.57,0.5500000000000114,89.65
0981.HK,20251006,90.5,91.05,92.8,87.4,439007.68,3953173090.0,0.73,0.5499999999999972,90.9
0981.HK,20251008,91.0,89.5,91.5,87.7,388458.44,3468659230.0,0.65,-1.5,91.05
0981.HK,20251009,88.4,83.5,93.5,82.5,3038092.3,26499269880.0,5.06,-4.900000000000006,89.5
0981.HK,20251010,81.95,77.55,82.65,76.65,2031744.61,16039839480.0,3.39,-4.400000000000006,83.5
0981.HK,20251013,75.5,80.15,81.4,75.5,2659934.81,21053000129.999996,4.43,4.650000000000006,77.55
0981.HK,20251014,81.8,73.35,81.85,72.1,2104231.7,15877622090.0,3.51,-8.450000000000003,80.15
0981.HK,20251015,74.2,76.0,76.15,71.5,1357421.86,10055792360.0,2.26,1.7999999999999972,73.35
0981.HK,20251016,76.0,73.9,76.2,72.6,893852.66,6646206860.0,1.49,-2.0999999999999943,76.0
0981.HK,20251017,73.65,69.1,74.1,68.35,1666598.66,11670648310.0,2.78,-4.550000000000011,73.9
0981.HK,20251020,71.6,71.8,72.75,70.2,859982.61,6154771200.0,1.43,0.20000000000000284,69.1
0981.HK,20251021,73.3,74.05,76.4,72.85,1218861.66,9150416910.0,2.03,0.75,71.8
0981.HK,20251022,73.85,74.85,75.9,72.5,822985.35,6133300350.0,1.37,1.0,74.05
0981.HK,20251023,74.5,74.05,75.0,71.85,913051.9,6709750969.999999,1.52,-0.45000000000000284,74.85
0981.HK,20251024,75.7,80.0,80.05,75.7,1546284.65,12097320319.999998,2.58,4.299999999999997,74.05
0981.HK,20251027,82.95,82.8,83.8,80.8,1437949.46,11878770759.999998,2.4,-0.15000000000000568,80.0
0981.HK,20251028,82.8,80.1,85.5,80.05,1244712.45,10274836310.0,2.07,-2.700000000000003,82.8
0981.HK,20251030,81.95,79.2,82.4,77.3,1418836.64,11245295759.999998,2.36,-2.75,80.1
0981.HK,20251031,79.2,75.0,79.2,74.6,1081455.64,8204539500.0,1.8,-4.200000000000003,79.2
0981.HK,20251103,74.2,72.85,75.2,71.3,958825.23,6944375400.0,1.6,-1.3500000000000085,75.0
0981.HK,20251104,73.6,71.85,75.45,71.65,749209.75,5499102990.0,1.25,-1.75,72.85
0981.HK,20251105,70.0,71.7,72.35,69.35,760034.89,5361959810.0,1.27,1.7000000000000028,71.85
0981.HK,20251106,73.55,76.95,77.75,72.85,1185768.4,8930186890.0,1.98,3.4000000000000057,71.7
0981.HK,20251107,75.75,75.45,77.95,74.7,580519.68,4413125310.0,0.97,-0.29999999999999716,76.95
0981.HK,20251110,76.0,74.7,76.7,72.5,743737.22,5495250760.0,1.24,-1.2999999999999972,75.45
0981.HK,20251111,75.45,72.65,75.6,71.55,708514.74,5177861390.0,1.18,-2.799999999999997,74.7
0981.HK,20251112,72.5,73.25,73.55,70.7,664850.06,4797348970.0,1.11,0.75,72.65
0981.HK,20251113,72.85,75.6,75.6,71.7,885211.78,6548446640.0,1.48,2.75,73.25
0981.HK,20251114,74.25,73.5,77.25,73.2,930539.16,6999751280.0,1.55,-0.75,75.6
0981.HK,20251117,73.8,72.95,75.65,72.8,608378.18,4507146860.0,1.01,-0.8499999999999943,73.5
0981.HK,20251118,72.65,74.0,75.65,72.2,691198.36,5140533580.0,1.15,1.3499999999999943,72.95
0981.HK,20251119,74.6,73.0,74.75,72.05,492522.84,3600236180.0,0.82,-1.5999999999999943,74.0
0981.HK,20251120,74.6,73.5,75.25,72.3,590093.41,4345727600.0,0.98,-1.0999999999999943,73.0
0981.HK,20251121,71.1,68.8,71.95,68.6,1078596.32,7538430310.0,1.8,-2.299999999999997,73.5
0981.HK,20251124,69.05,68.05,69.55,63.7,1467715.9,9721540240.0,2.45,-1.0,68.8
0981.HK,20251125,68.9,67.95,70.25,66.9,772511.32,5306909260.0,1.29,-0.9500000000000028,68.05
0981.HK,20251126,67.8,68.85,69.95,66.9,484146.77,3324895740.0,0.81,1.0499999999999972,67.95
0981.HK,20251127,69.15,68.35,71.8,68.15,670418.42,4692901090.0,1.12,-0.8000000000000114,68.85
0981.HK,20251128,69.6,68.8,69.6,67.9,346354.82,2380158690.0,0.58,-0.7999999999999972,68.35
0981.HK,20251201,68.9,69.45,69.95,67.85,366184.23,2532143770.0,0.61,0.5499999999999972,68.8
0981.HK,20251202,69.35,68.65,69.65,68.05,239423.32,1643697390.0,0.4,-0.6999999999999886,69.45
0981.HK,20251203,68.15,67.2,69.25,66.85,356263.89,2414488070.0,0.59,-0.9500000000000028,68.65
0981.HK,20251204,67.3,69.8,70.25,66.55,503760.74,3464806370.0,0.84,2.5,67.2
0981.HK,20251205,69.75,69.75,70.9,68.55,455511.29,3185007810.0,0.76,0.0,69.8
0981.HK,20251208,70.2,71.8,72.9,70.15,692336.41,4987910870.0,1.15,1.5999999999999943,69.75
0981.HK,20251209,70.6,68.85,71.0,68.45,662294.34,4607931830.0,1.1,-1.75,71.8
0981.HK,20251210,69.3,68.7,69.35,67.2,443575.83,3008830800.0,0.74,-0.5999999999999943,68.85
0981.HK,20251211,69.0,67.15,69.25,66.55,494627.51,3336579000.0,0.82,-1.8499999999999943,68.7
0981.HK,20251212,67.6,67.7,68.65,65.35,598555.65,4013006709.9999995,1.0,0.10000000000000853,67.15
0981.HK,20251215,68.0,64.7,68.0,64.45,670891.26,4402278480.0,1.12,-3.299999999999997,67.7
0981.HK,20251216,64.5,63.45,65.15,62.0,647849.97,4081880320.0,1.08,-1.0499999999999972,64.7
0981.HK,20251217,63.05,64.75,65.2,63.05,402989.35,2593098170.0,0.67,1.7000000000000028,63.45
0981.HK,20251218,64.0,64.7,65.6,63.65,394155.84,2550990720.0,0.66,0.7000000000000028,64.75
0981.HK,20251219,65.45,65.05,66.15,64.8,391634.74,2561376270.0,0.65,-0.4000000000000057,64.7
0981.HK,20251222,66.0,68.9,70.45,65.95,913156.84,6275741570.0,1.52,2.9000000000000057,65.05
0981.HK,20251223,69.5,68.9,70.35,68.3,499664.98,3462248500.0,0.83,-0.5999999999999943,68.9
0981.HK,20251224,70.35,71.05,72.5,70.35,693598.01,4956364780.0,1.16,0.7000000000000028,68.9
0981.HK,20251229,71.5,69.55,73.7,69.55,773521.35,5539644530.0,1.29,-1.9500000000000028,71.05
0981.HK,20251230,71.5,72.5,73.15,70.45,935542.54,6743620820.000001,1.56,1.0,69.55
0981.HK,20251231,72.9,71.45,73.45,71.2,331859.7,2398272190.0,0.55,-1.4500000000000028,72.5
0981.HK,20260102,71.45,75.1,75.4,70.8,406698.02,3029361270.0,0.68,3.6499999999999915,71.45
0981.HK,20260105,75.8,76.5,78.3,75.05,1299776.58,9955751450.0,2.17,0.7000000000000028,75.1
0981.HK,20260106,77.0,75.6,78.9,75.4,1005742.88,7747964889.999999,1.68,-1.4000000000000057,76.5
0981.HK,20260107,76.4,74.7,76.7,73.7,988079.96,7393201280.0,1.65,-1.7000000000000028,75.6
0981.HK,20260108,74.6,74.95,77.45,74.1,928108.03,7054325350.0,1.55,0.3500000000000085,74.7
0981.HK,20260109,75.5,74.4,76.25,73.5,710742.24,5292258830.0,1.18,-1.0999999999999943,74.95
0981.HK,20260112,74.5,75.3,75.5,73.35,646187.88,4811958830.0,1.08,0.7999999999999972,74.4
0981.HK,20260113,75.2,74.45,76.15,73.25,697134.51,5190603700.0,1.16,-0.75,75.3
0981.HK,20260114,74.6,75.95,76.45,74.15,804585.47,6069374669.999999,1.34,1.3500000000000085,74.45
0981.HK,20260115,75.5,77.35,78.4,74.95,727362.28,5574170850.0,1.21,1.8499999999999943,75.95
0981.HK,20260116,78.8,79.2,79.7,77.6,882489.19,6964284810.0,1.47,0.4000000000000057,77.35
0981.HK,20260119,79.2,77.0,80.1,77.0,529270.92,4128915760.0,0.88,-2.200000000000003,79.2
0981.HK,20260120,77.4,74.5,77.6,73.75,658380.24,4930807500.0,1.1,-2.9000000000000057,77.0
0981.HK,20260121,73.45,77.25,77.75,73.35,755901.92,5792655810.0,1.26,3.799999999999997,74.5
0981.HK,20260122,78.5,77.85,79.45,76.4,509210.76,3962351190.0,0.85,-0.6500000000000057,77.25
0981.HK,20260123,78.5,78.1,78.55,76.85,364892.63,2829325430.0,0.61,-0.4000000000000057,77.85
0981.HK,20260126,77.4,75.55,77.45,74.7,537475.42,4061396350.0,0.9,-1.8500000000000085,78.1
0981.HK,20260127,75.5,76.6,77.15,73.95,607913.15,4602074540.0,1.01,1.0999999999999943,75.55
0981.HK,20260128,77.2,79.3,79.9,77.15,983017.22,7740920350.0,1.64,2.0999999999999943,76.6
0981.HK,20260129,79.7,77.25,79.8,75.85,747343.84,5781591340.0,1.25,-2.450000000000003,79.3
0981.HK,20260130,76.0,75.4,77.0,74.5,527889.32,4001555550.0,0.88,-0.5999999999999943,77.25
0981.HK,20260202,75.0,72.2,75.0,70.85,978378.58,7082961930.0,1.63,-2.799999999999997,75.4
0981.HK,20260203,73.2,70.45,73.7,69.35,927931.42,6581260150.0,1.55,-2.75,72.2
0981.HK,20260204,69.8,68.75,69.85,67.8,692979.25,4761605370.0,1.15,-1.0499999999999972,70.45
0981.HK,20260205,67.2,67.45,67.8,65.5,755756.63,5029573000.0,1.26,0.25,68.75
0981.HK,20260206,66.0,67.6,69.05,65.75,531612.6,3596186460.0,0.89,1.5999999999999943,67.45
0981.HK,20260209,69.6,70.35,71.75,69.0,544894.71,3829588100.0,0.91,0.75,67.6
0981.HK,20260210,71.2,71.55,71.95,70.15,450086.75,3207609900.0,0.75,0.3499999999999943,70.35
0981.HK,20260211,69.85,70.0,70.0,68.25,882625.55,6109846390.0,1.47,0.15000000000000568,71.55
0981.HK,20260212,70.8,69.8,71.0,69.35,409282.19,2866249859.9999995,0.68,-1.0,70.0
0981.HK,20260213,69.1,70.35,71.4,68.65,499691.81,3516982739.9999995,0.83,1.25,69.8
0981.HK,20260216,70.45,69.9,70.65,69.25,73462.14,514912200.0,0.12,-0.5499999999999972,70.35
0981.HK,20260220,69.9,67.7,70.45,67.7,138029.79,944863270.0,0.23,-2.200000000000003,69.9
0981.HK,20260223,68.4,71.1,71.75,68.4,239653.95,1699086440.0,0.4,2.6999999999999886,67.7
0981.HK,20260224,69.9,69.4,70.8,68.6,517931.07,3600365900.0000005,0.86,-0.5,71.1
0981.HK,20260225,70.55,69.85,71.0,69.8,436792.41,3069609610.0,0.73,-0.7000000000000028,69.4
0981.HK,20260226,70.65,67.6,70.65,67.6,564647.03,3887415320.0,0.94,-3.0500000000000114,69.85
0981.HK,20260227,67.6,68.0,69.0,66.45,361678.11,2461828300.0,0.6,0.4000000000000057,67.6
0981.HK,20260302,66.6,64.6,67.6,64.55,910117.2,5952804160.0,1.52,-2.0,68.0
0981.HK,20260303,65.25,62.55,65.5,61.0,851675.93,5347352240.0,1.42,-2.700000000000003,64.6
0981.HK,20260304,61.0,61.25,63.2,60.7,604148.56,3722920370.0,1.01,0.25,62.55
0981.HK,20260305,63.0,61.5,63.55,61.25,506728.25,3157377089.9999995,0.84,-1.5,61.25
0981.HK,20260306,61.65,61.8,63.6,61.1,707962.24,4410152780.0,1.18,0.14999999999999858,61.5
0981.HK,20260309,58.8,60.85,61.3,58.3,699460.59,4180002240.0,1.17,2.0500000000000043,61.8
0981.HK,20260310,62.35,64.2,64.2,61.8,588788.32,3716928160.0,0.98,1.8500000000000014,60.85
0981.HK,20260311,64.5,63.75,65.4,63.35,394289.06,2537643140.0,0.66,-0.75,64.2
0981.HK,20260312,63.1,63.1,65.6,62.4,410203.68,2614831370.0,0.68,0.0,63.75
0981.HK,20260313,62.6,62.2,62.9,61.3,406728.53,2520123270.0,0.68,-0.3999999999999986,63.1
0981.HK,20260316,61.85,62.5,64.15,60.5,535963.61,3338761950.0,0.89,0.6499999999999986,62.2
0981.HK,20260317,63.15,61.85,63.35,61.1,447761.26,2779765470.0,0.75,-1.2999999999999972,62.5
0981.HK,20260318,62.3,61.7,62.7,61.1,386184.5,2385622050.0,0.64,-0.5999999999999943,61.85
0981.HK,20260319,60.5,59.75,61.1,59.25,681789.47,4095921240.0,1.14,-0.75,61.7
0981.HK,20260320,59.75,56.9,60.45,56.3,864329.62,5015536160.0,1.44,-2.8500000000000014,59.75
0981.HK,20260323,55.0,54.15,55.95,52.8,1076293.58,5834380340.0,1.79,-0.8500000000000014,56.9
0981.HK,20260324,55.05,55.2,55.2,53.1,623817.77,3394617400.0,1.04,0.15000000000000568,54.15
0981.HK,20260325,55.6,56.5,57.7,55.6,555567.59,3135582420.0000005,0.93,0.8999999999999986,55.2
0981.HK,20260326,56.0,53.15,56.1,52.9,676390.23,3640332230.0,1.13,-2.8500000000000014,56.5
0981.HK,20260327,52.1,52.5,53.45,51.8,555769.34,2930539750.0,0.93,0.3999999999999986,53.15
0981.HK,20260330,50.5,51.4,51.7,49.32,798589.27,4044725370.0,1.33,0.8999999999999986,52.5
0981.HK,20260331,50.8,50.7,52.9,50.0,492386.85,2517391880.0,0.82,-0.09999999999999432,51.4
0981.HK,20260401,52.75,52.85,53.65,51.9,627073.81,3312618310.0,1.04,0.10000000000000142,50.7
0981.HK,20260402,52.85,51.0,52.85,50.05,654085.63,3332648260.0,1.09,-1.8500000000000014,52.85
0981.HK,20260408,54.8,56.15,57.15,53.95,1207925.22,6718809750.0,2.01,1.3500000000000014,51.0
0981.HK,20260409,55.65,55.7,57.0,54.5,511354.59,2865786350.0,0.85,0.05000000000000426,56.15
0981.HK,20260410,57.0,58.25,59.6,56.9,1044830.42,6108620060.000001,1.74,1.25,55.7
0981.HK,20260413,57.4,57.15,58.2,56.6,412136.98,2356011430.0,0.69,-0.25,58.25
0981.HK,20260414,58.9,57.95,58.9,57.15,417516.69,2421186120.0,0.69,-0.9499999999999957,57.15
0981.HK,20260415,59.7,59.3,60.45,58.65,683043.03,4065827560.0,1.14,-0.4000000000000057,57.95
0981.HK,20260416,59.3,59.95,60.15,58.75,482383.82,2873327860.0,0.8,0.6500000000000057,59.3
0981.HK,20260417,60.0,59.35,60.45,58.65,432929.76,2572189050.0,0.72,-0.6499999999999986,59.95
0981.HK,20260420,60.0,59.8,60.95,58.8,567455.04,3399472550.0,0.94,-0.20000000000000284,59.35
0981.HK,20260421,60.3,60.1,60.4,59.3,352190.04,2113292180.0,0.59,-0.19999999999999574,59.8
0981.HK,20260422,59.6,59.3,60.15,58.45,593949.35,3512661250.0,0.99,-0.30000000000000426,60.1
0981.HK,20260423,59.9,58.45,60.45,57.7,536586.96,3153160580.0,0.89,-1.4499999999999957,59.3
0981.HK,20260424,57.7,64.3,65.3,57.65,1977827.7,12413152549.999998,3.29,6.599999999999994,58.45
0981.HK,20260427,67.2,68.25,69.95,66.55,1745137.59,11971408459.999998,2.9,1.0499999999999972,64.3
0981.HK,20260428,68.7,66.05,68.9,65.3,954454.64,6391136780.0,1.59,-2.6500000000000057,68.25
0981.HK,20260429,65.65,65.8,66.25,64.1,652519.61,4257623650.0,1.09,0.14999999999999147,66.05
0981.HK,20260430,66.35,70.9,71.7,66.0,1681774.59,11666287379.999998,2.8,4.550000000000011,65.8
0981.HK,20260504,72.0,72.15,74.65,72.0,396797.95,2915603400.0000005,0.66,0.15000000000000568,70.9
0981.HK,20260505,71.3,70.8,71.9,70.1,173436.5,1226803520.0,0.29,-0.5,72.15
0981.HK,20260506,73.75,74.85,79.4,73.6,2160902.46,16500926020.0,3.59,1.0999999999999943,70.8
0981.HK,20260507,76.55,76.75,79.4,74.35,1451301.85,11133754580.000002,2.41,0.20000000000000284,74.85
0981.HK,20260508,74.85,73.35,75.3,72.5,1064964.99,7803020450.0,1.77,-1.5,76.75
0981.HK,20260511,75.65,76.6,77.85,75.55,1103701.58,8474024540.0,1.84,0.9499999999999886,73.35
0981.HK,20260512,77.95,76.6,78.0,73.4,998229.83,7561506980.0,1.66,-1.3500000000000085,76.6
0981.HK,20260513,74.35,74.15,75.2,72.1,868142.46,6430596720.0,1.44,-0.19999999999998863,76.6
0981.HK,20260514,75.3,71.5,76.1,71.5,983945.21,7186543600.0,1.64,-3.799999999999997,74.15
0981.HK,20260515,73.9,71.15,76.65,70.75,1568410.11,11574741500.0,2.61,-2.75,71.5
0981.HK,20260518,70.55,68.7,72.65,67.6,1189617.56,8304258620.0,1.98,-1.8499999999999943,71.15
0981.HK,20260519,67.95,68.5,69.4,65.2,1197915.32,8014463900.0,1.99,0.5499999999999972,68.7
0981.HK,20260520,68.05,75.15,77.45,67.6,2585161.39,19218462580.0,4.3,7.1000000000000085,68.5
0981.HK,20260521,78.0,74.2,79.4,73.5,1790076.85,13771155180.0,2.98,-3.799999999999997,75.15
0981.HK,20260522,76.85,79.85,80.1,73.6,2126109.3,16513887810.0,3.54,3.0,74.2
0981.HK,20260526,91.8,84.4,93.0,84.1,3718359.47,32579806620.0,6.18,-7.3999999999999915,79.85
0981.HK,20260527,86.0,85.2,89.45,83.15,1927096.79,16653965060.0,3.2,-0.7999999999999972,84.4
0981.HK,20260528,84.95,88.25,92.5,84.3,2643698.89,23659568500.0,4.4,3.299999999999997,85.2
0981.HK,20260529,88.5,81.6,89.65,80.8,2149215.89,18216477290.0,3.57,-6.900000000000006,88.25
0981.HK,20260601,81.3,79.45,84.3,78.55,1403742.35,11359210370.0,2.33,-1.8499999999999943,81.6
0981.HK,20260602,79.85,81.95,83.4,79.15,1040375.49,8492423020.0,1.73,2.1000000000000085,79.45
0981.HK,20260603,83.05,82.95,85.8,81.9,1111927.99,9361647470.0,1.85,-0.09999999999999432,81.95
0981.HK,20260604,81.65,81.5,84.75,80.0,1006292.84,8331977550.0,1.67,-0.15000000000000568,82.95
0981.HK,20260605,80.8,75.65,81.45,75.35,1929904.99,14927141280.0,3.21,-5.1499999999999915,81.5
0981.HK,20260608,73.0,72.55,76.1,71.15,1406248.27,10255444050.0,2.34,-0.45000000000000284,75.65
0981.HK,20260609,73.0,75.0,76.8,71.6,963311.67,7189351420.0,1.6,2.0,72.55
0981.HK,20260610,74.05,72.35,77.8,71.05,1083845.23,7967409050.0,1.8,-1.7000000000000028,75.0
0981.HK,20260611,72.3,73.3,73.55,70.5,803355.06,5782299310.0,1.34,1.0,72.35
0981.HK,20260612,75.55,71.65,77.0,71.3,1014408.14,7534475270.0,1.69,-3.8999999999999915,73.3
0981.HK,20260615,74.0,76.65,76.95,72.65,992653.87,7521190510.0,1.65,2.6500000000000057,71.65
0981.HK,20260616,77.45,74.0,77.95,72.95,744738.7,5588484280.0,1.24,-3.450000000000003,76.65
0981.HK,20260617,73.0,75.75,76.5,72.4,975019.73,7279235010.0,1.62,2.75,74.0
0981.HK,20260618,76.1,76.5,79.45,73.75,2035541.19,15559424920.0,3.38,0.4000000000000057,75.75
0981.HK,20260622,78.8,78.9,82.4,77.15,1719946.51,13669507200.0,2.86,0.10000000000000853,76.5
0981.HK,20260623,79.2,77.85,84.1,76.5,1829635.3,14700757649.999998,3.04,-1.3500000000000085,78.9
0981.HK,20260624,77.6,84.8,86.45,77.6,2180989.16,18241345080.0,3.63,7.200000000000003,77.85
0981.HK,20260625,87.4,86.0,88.7,83.8,1279695.67,11048462060.0,2.13,-1.4000000000000057,84.8
0981.HK,20260626,84.5,80.0,85.25,79.05,1429201.29,11608917780.0,2.38,-4.5,86.0
0981.HK,20260629,79.55,84.8,85.8,79.35,1245132.19,10281331880.0,2.07,5.25,80.0
0981.HK,20260630,84.6,89.4,91.55,84.25,1766239.21,15767983899.999998,2.94,4.800000000000011,84.8
0981.HK,20260702,84.1,80.4,84.2,78.55,1782194.25,14496277980.0,2.96,-3.6999999999999886,89.4
0981.HK,20260703,80.0,77.6,81.45,76.45,1240532.83,9775810660.0,2.06,-2.4000000000000057,80.4
